fecha,anio,mes,mes_nombre,grupo_residencia_principal,grupo_residencia_detalle,aeropuerto,valor,total_ytd_archivo,unidad,fuente_archivo
2026-01-31,2026,1,Enero,TOTAL PASAJEROS,,TOTAL,945865.9999999957,2849884.0000000354,pasajeros,lleg_total_2026.xls
2026-02-28,2026,2,Febrero,TOTAL PASAJEROS,,TOTAL,878200.0000000288,2849884.0000000354,pasajeros,lleg_total_2026.xls
2026-03-31,2026,3,Marzo,TOTAL PASAJEROS,,TOTAL,1025818.000000011,2849884.0000000354,pasajeros,lleg_total_2026.xls
2026-01-31,2026,1,Enero,TOTAL PASAJEROS,,LAS AMERICAS,229725.00000000116,639416.0,pasajeros,lleg_total_2026.xls
2026-02-28,2026,2,Febrero,TOTAL PASAJEROS,,LAS AMERICAS,187908.99999999994,639416.0,pasajeros,lleg_total_2026.xls
2026-03-31,2026,3,Marzo,TOTAL PASAJEROS,,LAS AMERICAS,221781.9999999989,639416.0,pasajeros,lleg_total_2026.xls
2026-01-31,2026,1,Enero,TOTAL PASAJEROS,,PUERTO PLATA,51396.0,162603.00000000032,pasajeros,lleg_total_2026.xls
2026-02-28,2026,2,Febrero,TOTAL PASAJEROS,,PUERTO PLATA,51473.000000000364,162603.00000000032,pasajeros,lleg_total_2026.xls
2026-03-31,2026,3,Marzo,TOTAL PASAJEROS,,PUERTO PLATA,59733.999999999956,162603.00000000032,pasajeros,lleg_total_2026.xls
2026-01-31,2026,1,Enero,TOTAL PASAJEROS,,PUNTA CANA,539005.9999999944,1686042.000000035,pasajeros,lleg_total_2026.xls
2026-02-28,2026,2,Febrero,TOTAL PASAJEROS,,PUNTA CANA,525255.0000000283,1686042.000000035,pasajeros,lleg_total_2026.xls
2026-03-31,2026,3,Marzo,TOTAL PASAJEROS,,PUNTA CANA,621781.0000000122,1686042.000000035,pasajeros,lleg_total_2026.xls
2026-01-31,2026,1,Enero,TOTAL PASAJEROS,,LA ROMANA,14537.000000000042,40701.00000000005,pasajeros,lleg_total_2026.xls
2026-02-28,2026,2,Febrero,TOTAL PASAJEROS,,LA ROMANA,12720.000000000011,40701.00000000005,pasajeros,lleg_total_2026.xls
2026-03-31,2026,3,Marzo,TOTAL PASAJEROS,,LA ROMANA,13443.999999999998,40701.00000000005,pasajeros,lleg_total_2026.xls
2026-01-31,2026,1,Enero,TOTAL PASAJEROS,,MARÍA MONTEZ,2.0,8.0,pasajeros,lleg_total_2026.xls
2026-02-28,2026,2,Febrero,TOTAL PASAJEROS,,MARÍA MONTEZ,4.0,8.0,pasajeros,lleg_total_2026.xls
2026-03-31,2026,3,Marzo,TOTAL PASAJEROS,,MARÍA MONTEZ,2.0,8.0,pasajeros,lleg_total_2026.xls
2026-01-31,2026,1,Enero,TOTAL PASAJEROS,,CIBAO,98080.00000000001,282958.0,pasajeros,lleg_total_2026.xls
2026-02-28,2026,2,Febrero,TOTAL PASAJEROS,,CIBAO,88226.00000000016,282958.0,pasajeros,lleg_total_2026.xls
2026-03-31,2026,3,Marzo,TOTAL PASAJEROS,,CIBAO,96651.99999999984,282958.0,pasajeros,lleg_total_2026.xls
2026-01-31,2026,1,Enero,TOTAL PASAJEROS,,LA ISABELA,2482.0,7330.999999999999,pasajeros,lleg_total_2026.xls
2026-02-28,2026,2,Febrero,TOTAL PASAJEROS,,LA ISABELA,2147.999999999999,7330.999999999999,pasajeros,lleg_total_2026.xls
2026-03-31,2026,3,Marzo,TOTAL PASAJEROS,,LA ISABELA,2701.0000000000005,7330.999999999999,pasajeros,lleg_total_2026.xls
2026-01-31,2026,1,Enero,TOTAL PASAJEROS,,"EL CATEY, SAMANA",10637.99999999999,30824.999999999956,pasajeros,lleg_total_2026.xls
2026-02-28,2026,2,Febrero,TOTAL PASAJEROS,,"EL CATEY, SAMANA",10464.999999999973,30824.999999999956,pasajeros,lleg_total_2026.xls
2026-03-31,2026,3,Marzo,TOTAL PASAJEROS,,"EL CATEY, SAMANA",9721.999999999996,30824.999999999956,pasajeros,lleg_total_2026.xls
2026-01-31,2026,1,Enero,RESIDENTES,,TOTAL,120019.38212355785,246239.37911526207,pasajeros,lleg_total_2026.xls
2026-02-28,2026,2,Febrero,RESIDENTES,,TOTAL,54120.29610578713,246239.37911526207,pasajeros,lleg_total_2026.xls
2026-03-31,2026,3,Marzo,RESIDENTES,,TOTAL,72099.7008859171,246239.37911526207,pasajeros,lleg_total_2026.xls
2026-01-31,2026,1,Enero,RESIDENTES,,LAS AMERICAS,78384.8302764628,164014.31052099346,pasajeros,lleg_total_2026.xls
2026-02-28,2026,2,Febrero,RESIDENTES,,LAS AMERICAS,37231.636997606096,164014.31052099346,pasajeros,lleg_total_2026.xls
2026-03-31,2026,3,Marzo,RESIDENTES,,LAS AMERICAS,48397.84324692456,164014.31052099346,pasajeros,lleg_total_2026.xls
2026-01-31,2026,1,Enero,RESIDENTES,,PUERTO PLATA,2091.1635800327285,4157.463685832322,pasajeros,lleg_total_2026.xls
2026-02-28,2026,2,Febrero,RESIDENTES,,PUERTO PLATA,884.3894432004352,4157.463685832322,pasajeros,lleg_total_2026.xls
2026-03-31,2026,3,Marzo,RESIDENTES,,PUERTO PLATA,1181.9106625991583,4157.463685832322,pasajeros,lleg_total_2026.xls
2026-01-31,2026,1,Enero,RESIDENTES,,PUNTA CANA,15698.71173312707,31963.245569839688,pasajeros,lleg_total_2026.xls
2026-02-28,2026,2,Febrero,RESIDENTES,,PUNTA CANA,6722.13899507003,31963.245569839688,pasajeros,lleg_total_2026.xls
2026-03-31,2026,3,Marzo,RESIDENTES,,PUNTA CANA,9542.394841642588,31963.245569839688,pasajeros,lleg_total_2026.xls
2026-01-31,2026,1,Enero,RESIDENTES,,LA ROMANA,748.0770253355341,2068.5912754372666,pasajeros,lleg_total_2026.xls
2026-02-28,2026,2,Febrero,RESIDENTES,,LA ROMANA,543.9484698279791,2068.5912754372666,pasajeros,lleg_total_2026.xls
2026-03-31,2026,3,Marzo,RESIDENTES,,LA ROMANA,776.5657802737535,2068.5912754372666,pasajeros,lleg_total_2026.xls
2026-01-31,2026,1,Enero,RESIDENTES,,MARÍA MONTEZ,0.0,0.0,pasajeros,lleg_total_2026.xls
2026-02-28,2026,2,Febrero,RESIDENTES,,MARÍA MONTEZ,0.0,0.0,pasajeros,lleg_total_2026.xls
2026-03-31,2026,3,Marzo,RESIDENTES,,MARÍA MONTEZ,0.0,0.0,pasajeros,lleg_total_2026.xls
2026-01-31,2026,1,Enero,RESIDENTES,,CIBAO,21973.729288794115,40765.51542746388,pasajeros,lleg_total_2026.xls
2026-02-28,2026,2,Febrero,RESIDENTES,,CIBAO,7811.956805596934,40765.51542746388,pasajeros,lleg_total_2026.xls
2026-03-31,2026,3,Marzo,RESIDENTES,,CIBAO,10979.829333072827,40765.51542746388,pasajeros,lleg_total_2026.xls
2026-01-31,2026,1,Enero,RESIDENTES,,LA ISABELA,1035.1075738433456,3109.2515319662352,pasajeros,lleg_total_2026.xls
2026-02-28,2026,2,Febrero,RESIDENTES,,LA ISABELA,895.1978438279984,3109.2515319662352,pasajeros,lleg_total_2026.xls
2026-03-31,2026,3,Marzo,RESIDENTES,,LA ISABELA,1178.9461142948912,3109.2515319662352,pasajeros,lleg_total_2026.xls
2026-01-31,2026,1,Enero,RESIDENTES,,"EL CATEY, SAMANA",87.76264596226369,161.00110372924718,pasajeros,lleg_total_2026.xls
2026-02-28,2026,2,Febrero,RESIDENTES,,"EL CATEY, SAMANA",31.02755065766086,161.00110372924718,pasajeros,lleg_total_2026.xls
2026-03-31,2026,3,Marzo,RESIDENTES,,"EL CATEY, SAMANA",42.210907109322605,161.00110372924718,pasajeros,lleg_total_2026.xls
2026-01-31,2026,1,Enero,RESIDENTES,DOMINICANOS,TOTAL,102277.51580302576,206585.17279359646,pasajeros,lleg_total_2026.xls
2026-02-28,2026,2,Febrero,RESIDENTES,DOMINICANOS,TOTAL,44263.804502835985,206585.17279359646,pasajeros,lleg_total_2026.xls
2026-03-31,2026,3,Marzo,RESIDENTES,DOMINICANOS,TOTAL,60043.85248773472,206585.17279359646,pasajeros,lleg_total_2026.xls
2026-01-31,2026,1,Enero,RESIDENTES,DOMINICANOS,LAS AMERICAS,66129.53392503412,137431.39899772592,pasajeros,lleg_total_2026.xls
2026-02-28,2026,2,Febrero,RESIDENTES,DOMINICANOS,LAS AMERICAS,30602.453987784047,137431.39899772592,pasajeros,lleg_total_2026.xls
2026-03-31,2026,3,Marzo,RESIDENTES,DOMINICANOS,LAS AMERICAS,40699.41108490776,137431.39899772592,pasajeros,lleg_total_2026.xls
2026-01-31,2026,1,Enero,RESIDENTES,DOMINICANOS,PUERTO PLATA,1534.3817801339533,2764.6527348063864,pasajeros,lleg_total_2026.xls
2026-02-28,2026,2,Febrero,RESIDENTES,DOMINICANOS,PUERTO PLATA,506.8386198652582,2764.6527348063864,pasajeros,lleg_total_2026.xls
2026-03-31,2026,3,Marzo,RESIDENTES,DOMINICANOS,PUERTO PLATA,723.4323348071752,2764.6527348063864,pasajeros,lleg_total_2026.xls
2026-01-31,2026,1,Enero,RESIDENTES,DOMINICANOS,PUNTA CANA,12776.451728224627,25406.94625905565,pasajeros,lleg_total_2026.xls
2026-02-28,2026,2,Febrero,RESIDENTES,DOMINICANOS,PUNTA CANA,5146.650391470617,25406.94625905565,pasajeros,lleg_total_2026.xls
2026-03-31,2026,3,Marzo,RESIDENTES,DOMINICANOS,PUNTA CANA,7483.844139360407,25406.94625905565,pasajeros,lleg_total_2026.xls
2026-01-31,2026,1,Enero,RESIDENTES,DOMINICANOS,LA ROMANA,372.44156124617876,670.2705980829899,pasajeros,lleg_total_2026.xls
2026-02-28,2026,2,Febrero,RESIDENTES,DOMINICANOS,LA ROMANA,122.86427082461569,670.2705980829899,pasajeros,lleg_total_2026.xls
2026-03-31,2026,3,Marzo,RESIDENTES,DOMINICANOS,LA ROMANA,174.96476601219544,670.2705980829899,pasajeros,lleg_total_2026.xls
2026-01-31,2026,1,Enero,RESIDENTES,DOMINICANOS,MARÍA MONTEZ,0.0,0.0,pasajeros,lleg_total_2026.xls
2026-02-28,2026,2,Febrero,RESIDENTES,DOMINICANOS,MARÍA MONTEZ,0.0,0.0,pasajeros,lleg_total_2026.xls
2026-03-31,2026,3,Marzo,RESIDENTES,DOMINICANOS,MARÍA MONTEZ,0.0,0.0,pasajeros,lleg_total_2026.xls
2026-01-31,2026,1,Enero,RESIDENTES,DOMINICANOS,CIBAO,20714.264688277,37859.622241076475,pasajeros,lleg_total_2026.xls
2026-02-28,2026,2,Febrero,RESIDENTES,DOMINICANOS,CIBAO,7168.376541470725,37859.622241076475,pasajeros,lleg_total_2026.xls
2026-03-31,2026,3,Marzo,RESIDENTES,DOMINICANOS,CIBAO,9976.981011328753,37859.622241076475,pasajeros,lleg_total_2026.xls
2026-01-31,2026,1,Enero,RESIDENTES,DOMINICANOS,LA ISABELA,726.4082218048106,2414.2272312106247,pasajeros,lleg_total_2026.xls
2026-02-28,2026,2,Febrero,RESIDENTES,DOMINICANOS,LA ISABELA,709.6206914207222,2414.2272312106247,pasajeros,lleg_total_2026.xls
2026-03-31,2026,3,Marzo,RESIDENTES,DOMINICANOS,LA ISABELA,978.1983179850919,2414.2272312106247,pasajeros,lleg_total_2026.xls
2026-01-31,2026,1,Enero,RESIDENTES,DOMINICANOS,"EL CATEY, SAMANA",24.033898305084747,38.05473163841808,pasajeros,lleg_total_2026.xls
2026-02-28,2026,2,Febrero,RESIDENTES,DOMINICANOS,"EL CATEY, SAMANA",7.0,38.05473163841808,pasajeros,lleg_total_2026.xls
2026-03-31,2026,3,Marzo,RESIDENTES,DOMINICANOS,"EL CATEY, SAMANA",7.020833333333334,38.05473163841808,pasajeros,lleg_total_2026.xls
2026-01-31,2026,1,Enero,RESIDENTES,EXTRANJEROS,TOTAL,17741.86632053209,39654.206321665624,pasajeros,lleg_total_2026.xls
2026-02-28,2026,2,Febrero,RESIDENTES,EXTRANJEROS,TOTAL,9856.491602951146,39654.206321665624,pasajeros,lleg_total_2026.xls
2026-03-31,2026,3,Marzo,RESIDENTES,EXTRANJEROS,TOTAL,12055.848398182383,39654.206321665624,pasajeros,lleg_total_2026.xls
2026-01-31,2026,1,Enero,RESIDENTES,EXTRANJEROS,LAS AMERICAS,12255.296351428686,26582.911523267532,pasajeros,lleg_total_2026.xls
2026-02-28,2026,2,Febrero,RESIDENTES,EXTRANJEROS,LAS AMERICAS,6629.183009822047,26582.911523267532,pasajeros,lleg_total_2026.xls
2026-03-31,2026,3,Marzo,RESIDENTES,EXTRANJEROS,LAS AMERICAS,7698.432162016798,26582.911523267532,pasajeros,lleg_total_2026.xls
2026-01-31,2026,1,Enero,RESIDENTES,EXTRANJEROS,PUERTO PLATA,556.7817998987753,1392.8109510259353,pasajeros,lleg_total_2026.xls
2026-02-28,2026,2,Febrero,RESIDENTES,EXTRANJEROS,PUERTO PLATA,377.5508233351769,1392.8109510259353,pasajeros,lleg_total_2026.xls
2026-03-31,2026,3,Marzo,RESIDENTES,EXTRANJEROS,PUERTO PLATA,458.4783277919831,1392.8109510259353,pasajeros,lleg_total_2026.xls
2026-01-31,2026,1,Enero,RESIDENTES,EXTRANJEROS,PUNTA CANA,2922.2600049024422,6556.2993107840375,pasajeros,lleg_total_2026.xls
2026-02-28,2026,2,Febrero,RESIDENTES,EXTRANJEROS,PUNTA CANA,1575.4886035994127,6556.2993107840375,pasajeros,lleg_total_2026.xls
2026-03-31,2026,3,Marzo,RESIDENTES,EXTRANJEROS,PUNTA CANA,2058.550702282182,6556.2993107840375,pasajeros,lleg_total_2026.xls
2026-01-31,2026,1,Enero,RESIDENTES,EXTRANJEROS,LA ROMANA,375.63546408935537,1398.3206773542768,pasajeros,lleg_total_2026.xls
2026-02-28,2026,2,Febrero,RESIDENTES,EXTRANJEROS,LA ROMANA,421.0841990033634,1398.3206773542768,pasajeros,lleg_total_2026.xls
2026-03-31,2026,3,Marzo,RESIDENTES,EXTRANJEROS,LA ROMANA,601.601014261558,1398.3206773542768,pasajeros,lleg_total_2026.xls
2026-01-31,2026,1,Enero,RESIDENTES,EXTRANJEROS,MARÍA MONTEZ,0.0,0.0,pasajeros,lleg_total_2026.xls
2026-02-28,2026,2,Febrero,RESIDENTES,EXTRANJEROS,MARÍA MONTEZ,0.0,0.0,pasajeros,lleg_total_2026.xls
2026-03-31,2026,3,Marzo,RESIDENTES,EXTRANJEROS,MARÍA MONTEZ,0.0,0.0,pasajeros,lleg_total_2026.xls
2026-01-31,2026,1,Enero,RESIDENTES,EXTRANJEROS,CIBAO,1259.4646005171157,2905.8931863873977,pasajeros,lleg_total_2026.xls
2026-02-28,2026,2,Febrero,RESIDENTES,EXTRANJEROS,CIBAO,643.5802641262089,2905.8931863873977,pasajeros,lleg_total_2026.xls
2026-03-31,2026,3,Marzo,RESIDENTES,EXTRANJEROS,CIBAO,1002.8483217440731,2905.8931863873977,pasajeros,lleg_total_2026.xls
2026-01-31,2026,1,Enero,RESIDENTES,EXTRANJEROS,LA ISABELA,308.6993520385349,695.0243007556105,pasajeros,lleg_total_2026.xls
2026-02-28,2026,2,Febrero,RESIDENTES,EXTRANJEROS,LA ISABELA,185.57715240727626,695.0243007556105,pasajeros,lleg_total_2026.xls
2026-03-31,2026,3,Marzo,RESIDENTES,EXTRANJEROS,LA ISABELA,200.74779630979933,695.0243007556105,pasajeros,lleg_total_2026.xls
2026-01-31,2026,1,Enero,RESIDENTES,EXTRANJEROS,"EL CATEY, SAMANA",63.72874765717895,122.94637209082907,pasajeros,lleg_total_2026.xls
2026-02-28,2026,2,Febrero,RESIDENTES,EXTRANJEROS,"EL CATEY, SAMANA",24.02755065766086,122.94637209082907,pasajeros,lleg_total_2026.xls
2026-03-31,2026,3,Marzo,RESIDENTES,EXTRANJEROS,"EL CATEY, SAMANA",35.19007377598927,122.94637209082907,pasajeros,lleg_total_2026.xls
2026-01-31,2026,1,Enero,NO RESIDENTES,,TOTAL,825846.6178764378,2603644.6208847733,pasajeros,lleg_total_2026.xls
2026-02-28,2026,2,Febrero,NO RESIDENTES,,TOTAL,824079.7038942416,2603644.6208847733,pasajeros,lleg_total_2026.xls
2026-03-31,2026,3,Marzo,NO RESIDENTES,,TOTAL,953718.2991140939,2603644.6208847733,pasajeros,lleg_total_2026.xls
2026-01-31,2026,1,Enero,NO RESIDENTES,,LAS AMERICAS,151340.16972353833,475401.6894790065,pasajeros,lleg_total_2026.xls
2026-02-28,2026,2,Febrero,NO RESIDENTES,,LAS AMERICAS,150677.36300239386,475401.6894790065,pasajeros,lleg_total_2026.xls
2026-03-31,2026,3,Marzo,NO RESIDENTES,,LAS AMERICAS,173384.15675307432,475401.6894790065,pasajeros,lleg_total_2026.xls
2026-01-31,2026,1,Enero,NO RESIDENTES,,PUERTO PLATA,49304.83641996727,158445.536314168,pasajeros,lleg_total_2026.xls
2026-02-28,2026,2,Febrero,NO RESIDENTES,,PUERTO PLATA,50588.610556799926,158445.536314168,pasajeros,lleg_total_2026.xls
2026-03-31,2026,3,Marzo,NO RESIDENTES,,PUERTO PLATA,58552.0893374008,158445.536314168,pasajeros,lleg_total_2026.xls
2026-01-31,2026,1,Enero,NO RESIDENTES,,PUNTA CANA,523307.2882668674,1654078.7544301953,pasajeros,lleg_total_2026.xls
2026-02-28,2026,2,Febrero,NO RESIDENTES,,PUNTA CANA,518532.8610049583,1654078.7544301953,pasajeros,lleg_total_2026.xls
2026-03-31,2026,3,Marzo,NO RESIDENTES,,PUNTA CANA,612238.6051583696,1654078.7544301953,pasajeros,lleg_total_2026.xls
2026-01-31,2026,1,Enero,NO RESIDENTES,,LA ROMANA,13788.922974664507,38632.40872456278,pasajeros,lleg_total_2026.xls
2026-02-28,2026,2,Febrero,NO RESIDENTES,,LA ROMANA,12176.051530172032,38632.40872456278,pasajeros,lleg_total_2026.xls
2026-03-31,2026,3,Marzo,NO RESIDENTES,,LA ROMANA,12667.434219726245,38632.40872456278,pasajeros,lleg_total_2026.xls
2026-01-31,2026,1,Enero,NO RESIDENTES,,MARÍA MONTEZ,2.0,8.0,pasajeros,lleg_total_2026.xls
2026-02-28,2026,2,Febrero,NO RESIDENTES,,MARÍA MONTEZ,4.0,8.0,pasajeros,lleg_total_2026.xls
2026-03-31,2026,3,Marzo,NO RESIDENTES,,MARÍA MONTEZ,2.0,8.0,pasajeros,lleg_total_2026.xls
2026-01-31,2026,1,Enero,NO RESIDENTES,,CIBAO,76106.2707112059,242192.48457253614,pasajeros,lleg_total_2026.xls
2026-02-28,2026,2,Febrero,NO RESIDENTES,,CIBAO,80414.04319440323,242192.48457253614,pasajeros,lleg_total_2026.xls
2026-03-31,2026,3,Marzo,NO RESIDENTES,,CIBAO,85672.170666927,242192.48457253614,pasajeros,lleg_total_2026.xls
2026-01-31,2026,1,Enero,NO RESIDENTES,,LA ISABELA,1446.8924261566547,4221.748468033764,pasajeros,lleg_total_2026.xls
2026-02-28,2026,2,Febrero,NO RESIDENTES,,LA ISABELA,1252.8021561720004,4221.748468033764,pasajeros,lleg_total_2026.xls
2026-03-31,2026,3,Marzo,NO RESIDENTES,,LA ISABELA,1522.0538857051092,4221.748468033764,pasajeros,lleg_total_2026.xls
2026-01-31,2026,1,Enero,NO RESIDENTES,,"EL CATEY, SAMANA",10550.237354037727,30663.998896270714,pasajeros,lleg_total_2026.xls
2026-02-28,2026,2,Febrero,NO RESIDENTES,,"EL CATEY, SAMANA",10433.972449342313,30663.998896270714,pasajeros,lleg_total_2026.xls
2026-03-31,2026,3,Marzo,NO RESIDENTES,,"EL CATEY, SAMANA",9679.789092890673,30663.998896270714,pasajeros,lleg_total_2026.xls
2026-01-31,2026,1,Enero,NO RESIDENTES,DOMINICANOS,TOTAL,115958.70475913303,343261.3575058584,pasajeros,lleg_total_2026.xls
2026-02-28,2026,2,Febrero,NO RESIDENTES,DOMINICANOS,TOTAL,105541.91452203097,343261.3575058584,pasajeros,lleg_total_2026.xls
2026-03-31,2026,3,Marzo,NO RESIDENTES,DOMINICANOS,TOTAL,121760.7382246944,343261.3575058584,pasajeros,lleg_total_2026.xls
2026-01-31,2026,1,Enero,NO RESIDENTES,DOMINICANOS,LAS AMERICAS,52442.27916445963,156080.7953836116,pasajeros,lleg_total_2026.xls
2026-02-28,2026,2,Febrero,NO RESIDENTES,DOMINICANOS,LAS AMERICAS,46765.37140102179,156080.7953836116,pasajeros,lleg_total_2026.xls
2026-03-31,2026,3,Marzo,NO RESIDENTES,DOMINICANOS,LAS AMERICAS,56873.14481813019,156080.7953836116,pasajeros,lleg_total_2026.xls
2026-01-31,2026,1,Enero,NO RESIDENTES,DOMINICANOS,PUERTO PLATA,3223.524419604708,8796.87498706852,pasajeros,lleg_total_2026.xls
2026-02-28,2026,2,Febrero,NO RESIDENTES,DOMINICANOS,PUERTO PLATA,2504.3122992978597,8796.87498706852,pasajeros,lleg_total_2026.xls
2026-03-31,2026,3,Marzo,NO RESIDENTES,DOMINICANOS,PUERTO PLATA,3069.038268165952,8796.87498706852,pasajeros,lleg_total_2026.xls
2026-01-31,2026,1,Enero,NO RESIDENTES,DOMINICANOS,PUNTA CANA,8142.818146927263,23513.21821543829,pasajeros,lleg_total_2026.xls
2026-02-28,2026,2,Febrero,NO RESIDENTES,DOMINICANOS,PUNTA CANA,6905.493792024684,23513.21821543829,pasajeros,lleg_total_2026.xls
2026-03-31,2026,3,Marzo,NO RESIDENTES,DOMINICANOS,PUNTA CANA,8464.906276486341,23513.21821543829,pasajeros,lleg_total_2026.xls
2026-01-31,2026,1,Enero,NO RESIDENTES,DOMINICANOS,LA ROMANA,535.5142712807673,1248.9556462904475,pasajeros,lleg_total_2026.xls
2026-02-28,2026,2,Febrero,NO RESIDENTES,DOMINICANOS,LA ROMANA,366.9503557732983,1248.9556462904475,pasajeros,lleg_total_2026.xls
2026-03-31,2026,3,Marzo,NO RESIDENTES,DOMINICANOS,LA ROMANA,346.49101923638193,1248.9556462904475,pasajeros,lleg_total_2026.xls
2026-01-31,2026,1,Enero,NO RESIDENTES,DOMINICANOS,MARÍA MONTEZ,0.0,0.0,pasajeros,lleg_total_2026.xls
2026-02-28,2026,2,Febrero,NO RESIDENTES,DOMINICANOS,MARÍA MONTEZ,0.0,0.0,pasajeros,lleg_total_2026.xls
2026-03-31,2026,3,Marzo,NO RESIDENTES,DOMINICANOS,MARÍA MONTEZ,0.0,0.0,pasajeros,lleg_total_2026.xls
2026-01-31,2026,1,Enero,NO RESIDENTES,DOMINICANOS,CIBAO,51161.60887284541,152343.91453233187,pasajeros,lleg_total_2026.xls
2026-02-28,2026,2,Febrero,NO RESIDENTES,DOMINICANOS,CIBAO,48641.2639784066,152343.91453233187,pasajeros,lleg_total_2026.xls
2026-03-31,2026,3,Marzo,NO RESIDENTES,DOMINICANOS,CIBAO,52541.04168107987,152343.91453233187,pasajeros,lleg_total_2026.xls
2026-01-31,2026,1,Enero,NO RESIDENTES,DOMINICANOS,LA ISABELA,385.4614223430702,1108.828798928172,pasajeros,lleg_total_2026.xls
2026-02-28,2026,2,Febrero,NO RESIDENTES,DOMINICANOS,LA ISABELA,319.8435793137032,1108.828798928172,pasajeros,lleg_total_2026.xls
2026-03-31,2026,3,Marzo,NO RESIDENTES,DOMINICANOS,LA ISABELA,403.5237972713987,1108.828798928172,pasajeros,lleg_total_2026.xls
2026-01-31,2026,1,Enero,NO RESIDENTES,DOMINICANOS,"EL CATEY, SAMANA",67.49846167219796,168.76994218951296,pasajeros,lleg_total_2026.xls
2026-02-28,2026,2,Febrero,NO RESIDENTES,DOMINICANOS,"EL CATEY, SAMANA",38.67911619304278,168.76994218951296,pasajeros,lleg_total_2026.xls
2026-03-31,2026,3,Marzo,NO RESIDENTES,DOMINICANOS,"EL CATEY, SAMANA",62.592364324272225,168.76994218951296,pasajeros,lleg_total_2026.xls
2026-01-31,2026,1,Enero,NO RESIDENTES,EXTRANJEROS,TOTAL,709887.9131173048,2260383.263378915,pasajeros,lleg_total_2026.xls
2026-02-28,2026,2,Febrero,NO RESIDENTES,EXTRANJEROS,TOTAL,718537.7893722106,2260383.263378915,pasajeros,lleg_total_2026.xls
2026-03-31,2026,3,Marzo,NO RESIDENTES,EXTRANJEROS,TOTAL,831957.5608893995,2260383.263378915,pasajeros,lleg_total_2026.xls
2026-01-31,2026,1,Enero,NO RESIDENTES,EXTRANJEROS,LAS AMERICAS,98897.89055907872,319320.89409539493,pasajeros,lleg_total_2026.xls
2026-02-28,2026,2,Febrero,NO RESIDENTES,EXTRANJEROS,LAS AMERICAS,103911.99160137206,319320.89409539493,pasajeros,lleg_total_2026.xls
2026-03-31,2026,3,Marzo,NO RESIDENTES,EXTRANJEROS,LAS AMERICAS,116511.01193494412,319320.89409539493,pasajeros,lleg_total_2026.xls
2026-01-31,2026,1,Enero,NO RESIDENTES,EXTRANJEROS,PUERTO PLATA,46081.312000362566,149648.6613270995,pasajeros,lleg_total_2026.xls
2026-02-28,2026,2,Febrero,NO RESIDENTES,EXTRANJEROS,PUERTO PLATA,48084.298257502065,149648.6613270995,pasajeros,lleg_total_2026.xls
2026-03-31,2026,3,Marzo,NO RESIDENTES,EXTRANJEROS,PUERTO PLATA,55483.05106923485,149648.6613270995,pasajeros,lleg_total_2026.xls
2026-01-31,2026,1,Enero,NO RESIDENTES,EXTRANJEROS,PUNTA CANA,515164.4701199401,1630565.536214757,pasajeros,lleg_total_2026.xls
2026-02-28,2026,2,Febrero,NO RESIDENTES,EXTRANJEROS,PUNTA CANA,511627.3672129336,1630565.536214757,pasajeros,lleg_total_2026.xls
2026-03-31,2026,3,Marzo,NO RESIDENTES,EXTRANJEROS,PUNTA CANA,603773.6988818833,1630565.536214757,pasajeros,lleg_total_2026.xls
2026-01-31,2026,1,Enero,NO RESIDENTES,EXTRANJEROS,LA ROMANA,13253.40870338374,37383.45307827234,pasajeros,lleg_total_2026.xls
2026-02-28,2026,2,Febrero,NO RESIDENTES,EXTRANJEROS,LA ROMANA,11809.101174398733,37383.45307827234,pasajeros,lleg_total_2026.xls
2026-03-31,2026,3,Marzo,NO RESIDENTES,EXTRANJEROS,LA ROMANA,12320.943200489863,37383.45307827234,pasajeros,lleg_total_2026.xls
2026-01-31,2026,1,Enero,NO RESIDENTES,EXTRANJEROS,MARÍA MONTEZ,2.0,8.0,pasajeros,lleg_total_2026.xls
2026-02-28,2026,2,Febrero,NO RESIDENTES,EXTRANJEROS,MARÍA MONTEZ,4.0,8.0,pasajeros,lleg_total_2026.xls
2026-03-31,2026,3,Marzo,NO RESIDENTES,EXTRANJEROS,MARÍA MONTEZ,2.0,8.0,pasajeros,lleg_total_2026.xls
2026-01-31,2026,1,Enero,NO RESIDENTES,EXTRANJEROS,CIBAO,24944.661838360495,89848.57004020427,pasajeros,lleg_total_2026.xls
2026-02-28,2026,2,Febrero,NO RESIDENTES,EXTRANJEROS,CIBAO,31772.779215996627,89848.57004020427,pasajeros,lleg_total_2026.xls
2026-03-31,2026,3,Marzo,NO RESIDENTES,EXTRANJEROS,CIBAO,33131.12898584714,89848.57004020427,pasajeros,lleg_total_2026.xls
2026-01-31,2026,1,Enero,NO RESIDENTES,EXTRANJEROS,LA ISABELA,1061.4310038135845,3112.919669105592,pasajeros,lleg_total_2026.xls
2026-02-28,2026,2,Febrero,NO RESIDENTES,EXTRANJEROS,LA ISABELA,932.9585768582973,3112.919669105592,pasajeros,lleg_total_2026.xls
2026-03-31,2026,3,Marzo,NO RESIDENTES,EXTRANJEROS,LA ISABELA,1118.5300884337105,3112.919669105592,pasajeros,lleg_total_2026.xls
2026-01-31,2026,1,Enero,NO RESIDENTES,EXTRANJEROS,"EL CATEY, SAMANA",10482.738892365529,30495.228954081198,pasajeros,lleg_total_2026.xls
2026-02-28,2026,2,Febrero,NO RESIDENTES,EXTRANJEROS,"EL CATEY, SAMANA",10395.29333314927,30495.228954081198,pasajeros,lleg_total_2026.xls
2026-03-31,2026,3,Marzo,NO RESIDENTES,EXTRANJEROS,"EL CATEY, SAMANA",9617.196728566401,30495.228954081198,pasajeros,lleg_total_2026.xls
